app,
dev,
lua,
nav,
rad,
flac,
freq,
gifs,
goto,
grep,
guis,
hmmm,
ilok,
imac,
jaco,
klon,
korg,
lfos,
moom,
nein,
neve,
newb,
octo,
opto,
peer,
rect,
repl,
situ,
spax,
tech,
wahs,
ampeg,
auxes,
calva,
datom,
dired,
djent,
doesn,
emacs,
eqing,
esser,
eucon,
ewwww,
farty,
freqs,
iloks,
itech,
lispy,
magit,
mathy,
maxon,
melda,
mungy,
narex,
neiko,
nrepl,
omnis,
ootes,
pkill,
plexi,
prefs,
reamp,
resaw,
ryoba,
smpte,
solod,
supro,
sysex,
tubey,
vetoe,
vetta,
vibey,
woofy,
woomp,
woooo,
ampire,
basura,
biotek,
biquad,
bitwig,
bleepy,
blergh,
blerpy,
bloopy,
bogner,
buchla,
celest,
cockos,
crumar,
cubase,
dadoes,
datoms,
deburr,
deflam,
delink,
desync,
djenty,
doweld,
droney,
elmers,
emacsy,
eshell,
ewwwww,
ffmpeg,
gunked,
halion,
harmor,
hiwatt,
jatoba,
mixbus,
monome,
oopsie,
plexis,
popout,
pultec,
shouty,
studer,
synthy,
sytrus,
tdelay,
teemah,
unmute,
unshow,
unsolo,
unzoom,
wahwah,
warbly,
wibbly,
abelton,
allpass,
bandlab,
bassier,
bassman,
beziers,
bitwigs,
bluecat,
boomier,
boppity,
breverb,
cortley,
clojure,
cronjob,
cubases,
cytomic,
datomic,
deesser,
dirtbox,
drumkit,
drumpad,
drumset,
dustcap,
dynamix,
echorec,
gitlens,
glisseq,
izotope,
kontakt,
lowpass,
moongel,
mouspad,
neutrik,
newtone,
nutempo,
nutjobs,
octaver,
oneshot,
oogling,
outfeed,
preroll,
println,
reagate,
reaktor,
reamped,
reapack,
reapeak,
reatune,
renoise,
repitch,
reskill,
ringmod,
ripgrep,
rolloff,
rompler,
sansamp,
schmutz,
shapton,
sleezey,
slickeq,
snapins,
snuggly,
softube,
soldano,
sonimus,
sonitus,
spewage,
squeeks,
squeeky,
squeels,
subkick,
tearout,
tippity,
variamp,
voxengo,
afrobeat,
apshaper,
aptrigga,
apulsoft,
audiodev,
autogain,
autoitem,
autotune,
autozoom,
backstep,
bandpass,
bandsaws,
bandstop,
bassdrum,
bassmans,
belltone,
benchtop,
binaraul,
bitcrush,
bitdepth,
bussable,
channelq,
clickier,
crossfed,
crossmix,
cymatics,
deburred,
declicks,
desolder,
destdiag,
desynced,
detented,
digitech,
dimished,
dockable,
dowelled,
drawbars,
drumkits,
eareverb,
eastwest,
echoplex,
eminates,
endblock,
endgrain,
epiphone,
exhaused,
fanastic,
ferruled,
flippity,
floppity,
flourine,
flstudio,
flyspell,
forstner,
fortuned,
framwork,
freebees,
freetime,
freeverb,
freewarp,
frequecy,
fuddling,
fulltone,
funktone,
fuzzface,
gasketed,
geoshred,
glitcher,
goodhert,
grepping,
guassian,
harshing,
highnote,
highpass,
hipstery,
hitpoint,
honerite,
imporant,
intonate,
keychord,
keyclick,
keysplit,
keytrack,
knowning,
komplete,
kuromaku,
lookhead,
loopable,
loopists,
loopmash,
markbass,
maschine,
mediabay,
megaverb,
melodyne,
minbleps,
misclick,
mixbucon,
mixbuses,
modeller,
modwheel,
moongels,
mousover,
multiout,
multitap,
noisegen,
nutballs,
oberheim,
octabass,
oeksound,
ologists,
omniglot,
oneshots,
overedit,
physcial,
pingpong,
playhead,
polynome,
predelay,
prehooks,
presonus,
primarly,
proggier,
projucer,
protools,
quantise,
queueing,
randomiz,
readelay,
realearn,
reamping,
reapeaks,
reaxcomp,
rectange,
rematrix,
repolish,
resawing,
retromod,
robotize,
romplers,
routable,
scroller,
setbfree,
similies,
slapback,
snapheap,
softubes,
sophmore,
specturm,
sproingy,
spyscope,
struming,
studioeq,
submixes,
symlinks,
syncable,
tablesaw,
tabstops,
taggable,
textedit,
thrifter,
throughs,
timebase,
titebond,
tweakers,
unbypass,
unselect,
upsample,
valveamp,
varients,
vocalign,
vocoding,
vulfpeck,
waywards,
woodtone,
yeilding,
zildjian,
allpasses,
antinodes,
apperance,
apqualizr,
audiofile,
audiolabs,
audiounit,
auxillary,
bandlimit,
baxandall,
behaviour,
boominess,
boundries,
brownface,
bugfixing,
buttplate,
chebychev,
chordizer,
chordizes,
clickfest,
collabing,
computery,
convolver,
convolves,
coreaudio,
crossfade,
crossfeed,
darkglass,
decramped,
delinking,
distroyer,
downmixed,
draggable,
drumsynth,
dulcitone,
dytronics,
earebound,
earevolve,
eigenharp,
elastique,
eleswhere,
eminating,
enveloper,
fabfilter,
faceplant,
fanboyish,
fanboyism,
faturator,
flatwound,
flumoxxed,
focusrite,
frettings,
gainstage,
gearslutz,
githubing,
goodhertz,
grindcore,
grossbeat,
hammerons,
hardstyle,
highscore,
highshelf,
intonated,
jesusonic,
jetisoned,
keyswitch,
kickdrums,
kiloheart,
klanghelm,
lifecycle,
lightroom,
lokasenna,
lookahead,
mediaitem,
megasynth,
mellotone,
mentromes,
metalizer,
mfreeform,
micturnal,
mixbusses,
modellers,
modulable,
monodelay,
morphable,
mouthfull,
mulitrack,
multiball,
multilink,
multipass,
multitaps,
nativtely,
nightlies,
numberpad,
octatrack,
opengraph,
oppenheim,
overlayed,
panomatic,
phasering,
pinknoise,
pitchbend,
polysynth,
portaflex,
posistion,
postdrome,
prebuffer,
prechorus,
presswerk,
propogate,
quicklook,
ramequins,
readelays,
reascript,
reasearch,
recolours,
resyncing,
retconned,
retrigger,
ringshift,
rockstars,
roomworks,
rotosound,
roundover,
sameyness,
sampleone,
sawstudio,
sawtooths,
saxaphone,
scaleable,
screenset,
screesets,
sequuence,
shoptowel,
sidestick,
sitartone,
snappable,
softsynth,
soundfile,
soundfont,
soundtoys,
soundwise,
steinberg,
stickfast,
subpixels,
substring,
supersaws,
suprising,
susbcribe,
sweetspot,
synthedit,
synthwave,
tablesaws,
taleneted,
tapewound,
textbased,
textboxes,
thumbpick,
tiltshift,
tokyodawn,
tonewheel,
trackcomp,
trackmode,
tracktion,
transtint,
trimedges,
tweakable,
ubersonic,
ultrabeat,
unopening,
upsamples,
variaudio,
varispeed,
vibratone,
vimscript,
vocalsync,
washiness,
waterbath,
waveshape,
wavetable,
wellsized,
windowset,
wonderous,
wordpress,
workblock,
wunderbar,
youswitch,
zippering,
aftertouch,
analogness,
apeggiator,
apqualizer,
audiounits,
autofilter,
automapped,
autosizing,
autosmooth,
autotuning,
bandpassed,
barberpole,
beatboxing,
behaviours,
binaurally,
bitcrusher,
brandnamed,
breakbeats,
bypassable,
camelspace,
changelogs,
chatoyancy,
chordstrip,
chromaverb,
clickbaity,
clickiness,
colordrive,
colorsound,
combfilter,
crossfaded,
crossfader,
crossfades,
curiousity,
danelectro,
declicking,
deconvolve,
digidesign,
downmixing,
drumformer,
embodyment,
emphathize,
emultation,
exactmouse,
fashionned,
fatchannel,
favoriting,
featureful,
featureset,
filesystem,
filterbank,
flatwounds,
flexibilty,
footswitch,
forseeable,
fullscreen,
fustration,
glitchless,
goatkeeper,
granulizer,
groovified,
hardbypass,
harpsitone,
highpasses,
humbucking,
insepector,
jazzmaster,
kerfmaster,
keypresses,
keytracked,
keytracker,
kilohearts,
klopfgeist,
largefiles,
loudnesses,
lunchbreak,
mequalizer,
metaplugin,
microbevel,
microtubes,
misclicked,
mixconsole,
mixerdelay,
modmachine,
monsterous,
motunation,
mousewheel,
multiscope,
multishape,
notelength,
offputting,
overdriver,
oversample,
patchfiles,
pedalboard,
phaseplant,
phaserness,
polymetric,
polyrythms,
propogates,
quantizers,
quickadder,
reaconsole,
reaperblog,
reaproject,
reascripts,
reintonate,
relistened,
renameable,
resamplers,
rescanning,
resizeable,
retrosynth,
reverbical,
roundovers,
roundwound,
samplerate,
samplitude,
saturators,
screensets,
sennheiser,
silverface,
silvertone,
sizzliness,
smoothable,
softsynths,
soundcloud,
soundfiles,
soundfonts,
soundwaves,
sourcecode,
springback,
squigglier,
stacktrace,
statusbyte,
staycation,
steinbergs,
stepfilter,
stereoizer,
stereolink,
stompboxes,
stylesheet,
subfolders,
superclock,
systemwide,
tbproaudio,
techcrunch,
teletronix,
thumbdrive,
toggleable,
tonewheels,
transposer,
uncollapse,
uncreating,
unparalled,
unpictured,
upsampling,
waveshaper,
waveshapes,
wavetables,
wirelessly,
woodfiller,
woodslicer,
youngblood,
abhorations,
adjsustable,
arpeggiator,
assymtrical,
autofilters,
autosuspend,
auvalidator,
basketweave,
bitcrushers,
bitcrushing,
bitshifting,
brightsides,
capabilties,
cheatsheets,
chipbreaker,
colouration,
colourblind,
compactable,
comportable,
crossfading,
degredation,
deharmonize,
desoldering,
disasterous,
downsampler,
dysautomnia,
editability,
egregarious,
emcompasses,
everpresent,
fastforward,
filterboxes,
filterpeaks,
freerunning,
freewarping,
frontmatter,
fucntionaly,
gainstaging,
grungelizer,
hammerspoon,
infinistrip,
intersample,
keyswitches,
keytracking,
lastfocused,
linearphase,
lineartempo,
longetivity,
loopmasters,
mainsbridge,
measurments,
microphaser,
microtuning,
mindblowing,
mindwarping,
mistriggers,
mixconsoles,
modulatable,
morphfilter,
moscillator,
multiclient,
multimethod,
multipanner,
multisample,
musitronics,
nanosampler,
navigatable,
omnigraffle,
oncommandex,
optocoupler,
oversampled,
oversamples,
passthrough,
postsubject,
preferrable,
rangemaster,
reasurround,
recorderman,
refreshable,
retriggered,
ringshifter,
samplecraze,
scotchbrite,
screenspace,
segregrated,
selecatable,
sequencable,
showmessage,
sidechained,
sidechannel,
softclipper,
stereodelay,
stereostrip,
storebought,
stylesheets,
supraphonic,
surpisingly,
themability,
timestretch,
tonebooster,
tracknumber,
transreckon,
triggerable,
ultrareverb,
unassigning,
unmorphable,
unrelatable,
walkthrough,
waveshapers,
waveshaping,
acheivements,
affirmiative,
arpeggiators,
beyerdynamic,
bradychardia,
centerfinder,
centiseconds,
channelstrip,
configurtion,
consideratin,
dealbreakers,
deselectable,
diatonically,
downsampling,
equillibrium,
featherboard,
keyswitching,
linnstrument,
modulateable,
morphefilter,
multipressor,
multisampled,
multisampler,
multisamples,
multitracker,
multitrigger,
oscilliscope,
parasthesias,
plastichorus,
platinumverb,
plugindoctor,
preinstalled,
probablistic,
rotationally,
screenrecord,
scrotchbrite,
sequenceable,
sidechaining,
tranceformer,
tweakability,
unpleasantry,
wavetablized,
youtubemusic,
arpeggiations,
automationist,
blogdirectory,
embarassingly,
gastroparesis,
humaniziation,
inharmonicity,
inperiodicity,
misprioritize,
mistriggering,
multisampling,
multivelocity,
reimplemented,
ringmodulator,
screencapture,
screenshoting,
shortcircuits,
sidechainable,
soundgoodizer,
stairstepping,
stepsequencer,
testgenerator,
thanklessness,
trackenvelope,
underexplored,
updatearrange,
aknowledgement,
automationitem,
backreferences,
envelopeshaper,
externaleffect,
frankenmonster,
guitaroverdubs,
misadvertising,
monophonically,
mrsuicidesheep,
multiplelayers,
overcompressed,
polyneuropathy,
precalculation,
reacontrolmidi,
reasamplomatic,
resynthesizing,
screencaptures,
screenshotting,
smptegenerator,
stereoenhancer,
timestretching,
uninstallation,
wishiwashiness,
clutterlessness,
getenvelopename,
inharmonicities,
listviewcommand,
multitimbrality,
notecurrentnote,
overcompression,
trackoscillator,
transformerless,
admiralbumblebee,
decontextualized,
decontextualizes,
playbackresample,
preamplification,
decontextualizing,
multibandexpander,
vintagecompressor,
namedcommandlookup,
getselectedenvelope,
gloryisasilentthing,
loadrecordscreenset,
